GROUP,PACKAGE,CLASS,INSTRUCTION_MISSED,INSTRUCTION_COVERED,BRANCH_MISSED,BRANCH_COVERED,LINE_MISSED,LINE_COVERED,COMPLEXITY_MISSED,COMPLEXITY_COVERED,METHOD_MISSED,METHOD_COVERED
myfirtsBoot,com.alvaro.BuilderPatter,CDtype,0,65,0,4,0,13,0,6,0,4
myfirtsBoot,com.alvaro.BuilderPatter,CDBuilder,0,25,0,0,0,7,0,3,0,3
myfirtsBoot,com.alvaro.BuilderPatter,Sony,0,7,0,0,0,3,0,3,0,3
myfirtsBoot,com.alvaro.BuilderPatter,Samsung,0,7,0,0,0,3,0,3,0,3
myfirtsBoot,com.alvaro.BuilderPatter,Company,0,3,0,0,0,1,0,1,0,1
myfirtsBoot,com.alvaro.BuilderPatter,BuilderDemo,20,0,0,0,8,0,2,0,2,0
myfirtsBoot,com.alvaro.BuilderPatter,Cd,0,3,0,0,0,1,0,1,0,1
myfirtsBoot,com.alvaro.IteratorPatter,NameRepository,0,16,0,0,0,3,0,2,0,2
myfirtsBoot,com.alvaro.IteratorPatter,IteratorPatterDemo,29,0,2,0,7,0,3,0,2,0
myfirtsBoot,com.alvaro.IteratorPatter,NameRepository.NameIterator,2,32,1,3,1,6,1,4,0,3
myfirtsBoot,com.alvaro.SingletonPatter,main,20,0,0,0,5,0,2,0,2,0
myfirtsBoot,com.alvaro.SingletonPatter,Institude,0,18,1,1,0,8,1,4,0,4
myfirtsBoot,com.alvaro.BridgePatter,LogitechRemoteControl.main,16,0,0,0,5,0,2,0,2,0
myfirtsBoot,com.alvaro.BridgePatter,SonyTV,0,22,0,0,0,7,0,4,0,4
myfirtsBoot,com.alvaro.BridgePatter,LogitechRemoteControl,0,11,0,0,0,5,0,2,0,2
myfirtsBoot,com.alvaro.BridgePatter,SamSungTv,0,22,0,0,0,7,0,4,0,4
myfirtsBoot,com.alvaro.BridgePatter,AbstractRemoteControl,0,19,0,0,0,9,0,4,0,4
myfirtsBoot,com.alvaro.ObserverPatter,Observer,0,3,0,0,0,1,0,1,0,1
myfirtsBoot,com.alvaro.ObserverPatter,OctalObserver,0,24,0,0,0,6,0,2,0,2
myfirtsBoot,com.alvaro.ObserverPatter,ObserverpatterDemo,35,0,0,0,10,0,2,0,2,0
myfirtsBoot,com.alvaro.ObserverPatter,BinaryObserver,0,24,0,0,0,6,0,2,0,2
myfirtsBoot,com.alvaro.ObserverPatter,HexaObserver,0,25,0,0,0,6,0,2,0,2
myfirtsBoot,com.alvaro.ObserverPatter,Subject,0,38,0,2,0,12,0,6,0,5
myfirtsBoot,com.alvaro.DecoratorPatter,Rectangle,0,7,0,0,0,3,0,2,0,2
myfirtsBoot,com.alvaro.DecoratorPatter,Circle,0,7,0,0,0,3,0,2,0,2
myfirtsBoot,com.alvaro.DecoratorPatter,ShapeDecorator,0,6,0,0,0,3,0,1,0,1
myfirtsBoot,com.alvaro.DecoratorPatter,DecoratorPatterDemo,37,0,0,0,11,0,2,0,2,0
myfirtsBoot,com.alvaro.DecoratorPatter,RedShapeDecorator,0,16,0,0,0,7,0,3,0,3
myfirtsBoot,com.alvaro.FactoryMathodPatter,GenerateBill,54,0,0,0,12,0,2,0,2,0
myfirtsBoot,com.alvaro.FactoryMathodPatter,GetPlanFactory,0,33,0,8,0,10,0,6,0,2
myfirtsBoot,com.alvaro.FactoryMathodPatter,Plan,0,11,0,0,0,3,0,2,0,2
myfirtsBoot,com.alvaro.FactoryMathodPatter,CommercialPlan,0,7,0,0,0,3,0,2,0,2
myfirtsBoot,com.alvaro.FactoryMathodPatter,InstitucionalPlan,0,7,0,0,0,3,0,2,0,2
myfirtsBoot,com.alvaro.FactoryMathodPatter,DomesticPlan,0,7,0,0,0,3,0,2,0,2
myfirtsBoot,com.alvaro.AbstractFactoryPatter,ShapeFactory,0,35,0,8,0,11,0,7,0,3
myfirtsBoot,com.alvaro.AbstractFactoryPatter,Blue,0,7,0,0,0,3,0,2,0,2
myfirtsBoot,com.alvaro.AbstractFactoryPatter,Rectangle,0,7,0,0,0,3,0,2,0,2
myfirtsBoot,com.alvaro.AbstractFactoryPatter,Red,0,7,0,0,0,3,0,2,0,2
myfirtsBoot,com.alvaro.AbstractFactoryPatter,Green,0,7,0,0,0,3,0,2,0,2
myfirtsBoot,com.alvaro.AbstractFactoryPatter,FactoryProducer,0,21,0,4,0,6,0,4,0,2
myfirtsBoot,com.alvaro.AbstractFactoryPatter,Square,0,7,0,0,0,3,0,2,0,2
myfirtsBoot,com.alvaro.AbstractFactoryPatter,AbstractFactoryPatterDemo,46,0,0,0,16,0,2,0,2,0
myfirtsBoot,com.alvaro.AbstractFactoryPatter,AbstracFactory,0,3,0,0,0,1,0,1,0,1
myfirtsBoot,com.alvaro.AbstractFactoryPatter,ColorFactory,0,35,0,8,0,11,0,7,0,3
myfirtsBoot,com.alvaro.AbstractFactoryPatter,Circle,0,7,0,0,0,3,0,2,0,2
myfirtsBoot,com.alvaro.StrategyPatter,Context,0,12,0,0,0,4,0,2,0,2
myfirtsBoot,com.alvaro.StrategyPatter,OperatioMultiply,0,7,0,0,0,2,0,2,0,2
myfirtsBoot,com.alvaro.StrategyPatter,OperationSubtract,0,7,0,0,0,2,0,2,0,2
myfirtsBoot,com.alvaro.StrategyPatter,StrategyPatterDemo,64,0,0,0,8,0,2,0,2,0
myfirtsBoot,com.alvaro.StrategyPatter,OperationAdd,0,7,0,0,0,2,0,2,0,2
myfirtsBoot,com.alvaro.CompositePatter,CompositeDemo,31,0,0,0,8,0,2,0,2,0
myfirtsBoot,com.alvaro.CompositePatter,SalesDepartment,0,16,0,0,0,6,0,2,0,2
myfirtsBoot,com.alvaro.CompositePatter,FinalcialDepartament,0,16,0,0,0,6,0,2,0,2
myfirtsBoot,com.alvaro.CompositePatter,HeadDepartment,0,27,0,0,0,10,0,4,0,4
myfirtsBoot,com.alvaro.TemplatePatter,Cricket,0,15,0,0,0,7,0,4,0,4
myfirtsBoot,com.alvaro.TemplatePatter,TempaltePatterDemo,18,0,0,0,7,0,2,0,2,0
myfirtsBoot,com.alvaro.TemplatePatter,Game,0,10,0,0,0,5,0,2,0,2
myfirtsBoot,com.alvaro.TemplatePatter,Fooball,0,15,0,0,0,7,0,4,0,4
myfirtsBoot,com.alvaro.ChainResponsabilityPatter,Dollar10Dispenser,7,36,2,2,0,9,2,3,0,3
myfirtsBoot,com.alvaro.ChainResponsabilityPatter,Dollar50Dispenser,7,36,2,2,0,9,2,3,0,3
myfirtsBoot,com.alvaro.ChainResponsabilityPatter,Dollar20Dispenser,7,36,2,2,0,9,2,3,0,3
myfirtsBoot,com.alvaro.ChainResponsabilityPatter,Currency,0,9,0,0,0,4,0,2,0,2
myfirtsBoot,com.alvaro.ChainResponsabilityPatter,ATMDispenseChain,33,23,2,0,10,7,2,1,1,1
myfirtsBoot,com.alvaro.CommandPatter,BuyStock,0,10,0,0,0,5,0,2,0,2
myfirtsBoot,com.alvaro.CommandPatter,Broker,0,32,0,2,0,9,0,4,0,3
myfirtsBoot,com.alvaro.CommandPatter,CommandPatterDemo,30,0,0,0,9,0,2,0,2,0
myfirtsBoot,com.alvaro.CommandPatter,SellStock,0,10,0,0,0,5,0,2,0,2
myfirtsBoot,com.alvaro.CommandPatter,Stock,0,47,0,0,0,7,0,3,0,3
myfirtsBoot,com.alvaro.AdapterPatter,Volt,0,13,0,0,0,6,0,3,0,3
myfirtsBoot,com.alvaro.AdapterPatter,Socket,0,8,0,0,0,2,0,2,0,2
myfirtsBoot,com.alvaro.AdapterPatter,SocketClassAdapterImpl,0,30,0,0,0,7,0,5,0,5
myfirtsBoot,com.alvaro.AdapterPatter,SocketsObjectAdapterImpl,0,38,0,0,0,8,0,5,0,5
myfirtsBoot,com.alvaro.AdapterPatter,AdapterPatterTest,9,123,0,4,4,22,1,7,1,4
